datetime,open,high,low,close,volume
2020-11-25,28.337076295096917,29.28164550493348,25.03108406066894,25.031084060668945,1200
2020-11-27,24.889396438131346,24.889396438131346,21.06389045715332,21.06389045715332,5200
2020-11-30,21.997125550258318,22.19737410083026,18.12628173828125,18.12628173828125,65100
2020-12-01,20.49715225447445,20.884425480338564,15.812088109899104,17.38951873779297,8782600
2020-12-02,17.12503517413319,17.568983757089782,16.303261153193027,17.238384246826172,2105400
2020-12-03,17.370625021625308,18.079051840472964,17.030581373681777,17.710670471191406,1555600
2020-12-04,17.71066941713032,18.249073479151487,17.625658059798297,17.94681167602539,1390600
2020-12-07,17.93736619310706,18.145170737258418,16.766100777520077,17.002243041992188,1481500
2020-12-08,16.766099633563226,17.03057960031053,15.660953839173317,16.27492332458496,3246400
2020-12-09,16.482733022241828,16.71887531882625,16.01044842907298,16.331602096557617,1793400
2020-12-10,16.152128564023204,16.7188702648283,16.14268265882053,16.6433048248291,728800
2020-12-11,16.501622075688896,16.803885711076376,16.359937066314455,16.737764358520508,844500
2020-12-14,17.077808017257578,17.531200719982944,16.955014835877876,16.98335075378418,1038500
2020-12-15,17.01168775643693,17.257275910469648,16.473283719436207,16.992795944213867,964100
2020-12-16,17.00224470488621,17.380072004670254,16.907787429534526,17.030582427978516,542400
2020-12-17,16.888894568614194,17.776790019357577,16.55829682778334,17.710670471191406,670900
2020-12-18,17.767345212991277,17.927922040609918,16.548851945927314,17.15337562561035,1919800
2020-12-21,16.84166929747324,17.181714796765046,16.416612423358476,17.01169204711914,674300
2020-12-22,17.058919152294116,17.058919152294116,16.152133590136245,16.180469512939453,768000
2020-12-23,16.256032185986076,16.482730339233914,15.604280850671513,15.821531295776367,798700
2020-12-24,15.830979819272995,16.11434985524224,15.623175246337064,15.849871635437012,356600
2020-12-28,16.03878182752151,16.189912729421497,15.302019131164686,15.46259593963623,1187400
2020-12-29,15.490932710789718,16.057674524935482,15.472040896606261,15.982109069824219,474900
2020-12-30,16.133238425765494,17.285611955597894,16.067118884115935,17.115591049194336,413800
2020-12-31,17.068359461250036,18.305744195968906,16.92667448884473,17.909025192260742,541700
2021-01-04,18.06960533217718,18.18295441213556,16.992797179873808,17.767343521118164,555600
2021-01-05,17.616212537017063,18.881935216398215,17.502865259186734,18.48521614074707,528400
2021-01-06,18.560785362096286,19.769834648069764,18.560785362096286,19.69426918029785,1230900
2021-01-07,19.835950619575893,20.440474252415186,19.74149335153912,20.185441970825195,984400
2021-01-08,20.54437969840464,20.54437969840464,18.976395001184954,19.070852279663086,487900
2021-01-11,19.004730366298272,19.410893550581548,18.532445834151545,19.373111724853516,511700
2021-01-12,19.429789142284722,19.74149692204672,19.127527271197067,19.69426918029785,548000
2021-01-13,19.56202289510754,20.468810061284383,19.533686978479192,20.3082332611084,587300
2021-01-14,20.412135627665435,21.715639988611127,19.892621623132108,21.233909606933594,783600
2021-01-15,20.90331511033654,21.451165161352034,19.732049546152474,20.27989959716797,669000
2021-01-19,20.54437631780864,20.62938767428799,19.817057735317526,19.902069091796875,366800
2021-01-20,19.84539638670982,20.157104107899084,19.17475140983442,19.420339584350586,408600
2021-01-21,19.599810516868793,19.63759414890914,19.061406371653,19.070852279663086,364400
2021-01-22,18.82526128541405,19.552579879760742,18.437988122527628,19.552579879760742,299300
2021-01-25,19.42034217917884,20.298791820346015,19.373114439994204,19.7320499420166,315600
2021-01-26,19.73205021424061,19.892627051955554,18.135729547005752,18.24907684326172,305000
2021-01-27,17.918477643066858,18.107392209700716,16.907788855308237,17.01169204711914,482600
2021-01-28,17.106149406744297,17.191160781946476,16.133242446998743,16.492177963256836,615700
2021-01-29,16.463841972022834,16.822777486814815,15.830980515670984,16.00100326538086,502900
2021-02-01,16.152133978386686,17.342291408543893,15.71763120152478,16.964462280273438,463800
2021-02-02,17.18171215448951,17.68233261632291,17.011689430990412,17.342288970947266,305900
2021-02-03,17.3517331699626,17.52553387884557,16.898338684720915,16.992795944213867,249700
2021-02-04,17.002239927569036,17.927917002347364,16.80388132652604,17.909025192260742,332000
2021-02-05,18.23962739056439,18.551335097130053,17.59732016452061,18.541889190673828,362600
2021-02-08,18.759145174490044,19.269211613421827,18.315196490683768,18.494665145874023,342100
2021-02-09,18.41909969078784,19.62814893445966,18.164065570372074,19.505353927612305,373600
2021-02-10,19.599807937963774,19.7698306565286,18.796923878975697,19.004730224609375,271700
2021-02-11,18.844156983386117,18.938612465710584,18.239631447097036,18.8347110748291,547300
2021-02-12,18.68357790255789,19.080297006304747,18.48521744987315,18.86304473876953,250200
2021-02-16,18.91972005557383,19.22198188465004,18.41909777515222,19.13697052001953,434000
2021-02-17,19.146415365617788,19.599808084089243,19.042512192026305,19.373111724853516,280600
2021-02-18,19.34477424621582,19.44867742110645,19.221981059036246,19.34477424621582,136400
2021-02-19,19.363665387082303,20.119319901051163,19.221980390915952,19.99652671813965,295900
2021-02-22,19.92096168264042,21.186684371180096,19.85484213649055,21.17723846435547,482000
2021-02-23,21.045001324767952,21.67786272775939,19.61870169111194,19.769832611083984,616900
2021-02-24,19.88317634741738,20.903310775756836,19.306990493588494,20.903310775756836,301300
2021-02-25,20.83719597869415,21.951787919270895,20.648283220292033,20.941099166870117,235800
2021-02-26,21.0355545380357,21.167793637079576,20.586883849907768,20.74273681640625,405700
2021-03-01,21.215021490772745,21.61174059174823,20.874977833952766,20.988325119018555,439600
2021-03-02,21.03555196774803,21.32836785197635,20.44047249151682,20.553821563720703,226200
2021-03-03,20.78996350684265,21.27169390378383,20.61049489583577,20.903310775756836,366500
2021-03-04,20.931652150678904,21.923449034251366,20.931652150678904,21.819547653198242,687100
2021-03-05,22.140701402564037,22.70744325345452,21.923449128613857,22.63187599182129,306800
2021-03-08,22.669658543770147,23.7360767905867,22.669658543770147,23.387531280517578,341000
2021-03-09,23.330856561892713,23.755911558998545,22.92469157680174,23.104158401489258,352300
2021-03-10,22.868020184129456,23.00970700986953,21.923450954517378,22.70744514465332,309000
2021-03-11,22.96247398964295,23.189170354220902,22.35795035076841,23.0474853515625,447000
2021-03-12,23.217508331086858,24.350991968081782,23.19861651675834,23.982608795166016,365300
2021-03-15,24.06762303424618,25.186938845070916,23.708687527222313,25.031084060668945,624100
2021-03-16,24.974407326492294,25.52225732843579,24.4265573245488,25.342788696289062,268700
2021-03-17,25.314348925798534,25.46604524975844,24.707561821596077,25.14369010925293,260700
2021-03-18,25.124727282441672,25.612052123561796,24.508460748507172,24.707561492919922,212200
2021-03-19,24.65067434287194,25.03939637053283,24.05337033716655,24.517940521240234,658600
2021-03-22,24.461053703367014,25.115245200190415,24.01544599854215,24.13869857788086,257800
2021-03-23,23.71205540496791,24.024929311522968,22.68810427366382,22.773433685302734,174200
2021-03-24,23.02942058669937,23.456065811826132,22.915647441647895,23.124229431152344,348600
2021-03-25,22.93460946354155,24.299876325983696,22.46055801754734,24.14818000793457,202000
2021-03-26,24.413647028216502,25.105761636174456,24.11025442244658,24.641191482543945,394700
2021-03-29,24.508460416758435,25.219537594372145,23.62672442717939,23.636205673217773,161900
2021-03-30,23.52242925202363,24.13395597358185,23.399176687421505,23.873228073120117,241100
2021-03-31,23.939601630040325,24.66016015353223,23.712057118679148,24.347286224365234,335900
2021-04-01,24.28091733577869,24.854519191425915,24.28091733577869,24.660158157348633,178600
2021-04-05,24.906663301769292,25.22901842835834,24.631712596235147,25.19109344482422,227500
2021-04-06,25.153172129571008,25.76943869066753,24.546385006696212,24.660158157348633,239000
2021-04-07,24.74548428922785,25.323825787350017,23.806862702082714,23.854267120361328,332500
2021-04-08,23.89219022263387,23.89219022263387,23.271182265193445,23.64568328857422,189800
2021-04-09,23.702573466002267,23.77842162875896,23.14603714228885,23.370737075805664,153600
2021-04-12,23.49398968298895,23.70067469013054,23.15267207237131,23.58879852294922,127400
2021-04-13,23.465547500904194,23.60776257863105,22.754470303907098,22.93461036682129,173900
2021-04-14,22.925131049362015,23.89219655265054,22.925131049362015,23.569841384887695,227300
2021-04-15,23.721534709544592,23.849528816524042,23.275925194498484,23.61724281311035,191500
2021-04-16,23.702575428391683,24.242993858820935,23.323334583210016,24.21455192565918,236200
2021-04-19,24.13869823059754,24.55586400023011,23.79738242668245,24.224027633666992,205400
2021-04-20,24.224027301280216,24.508459243729828,22.58380979076273,22.944089889526367,163100
2021-04-21,22.89668406368146,23.712053114647567,22.773431485642792,23.702571868896484,300900
2021-04-22,23.778421220993867,24.290397667094034,23.010458360206428,23.029420852661133,287100
2021-04-23,23.266447357009376,24.679120541334388,22.925129714925014,24.442094802856445,187300
2021-04-26,24.41364704683547,25.58929429927181,24.41364704683547,25.05835723876953,268700
2021-04-27,28.680109938324964,32.482000606558714,28.073324719958748,32.38719177246094,935000
2021-04-28,32.48200272619527,32.48200272619527,30.01693671154155,30.509950637817383,666900
2021-04-29,31.296872544335475,31.66663568274581,28.727514766250405,29.694580078125,624800
2021-04-30,29.486000206318415,30.47866296170943,29.23949323820209,29.286897659301758,332100
2021-05-03,29.68509971175828,29.808354094877433,28.917136909998234,29.11623764038086,494100
2021-05-04,28.74647607250801,29.552363799205885,28.42412098182886,29.21104621887207,332700
2021-05-05,29.30585789995261,29.950568104215982,28.992984042985103,29.372224807739258,330300
2021-05-06,29.599770795429414,30.908151953500216,29.485999464308147,30.18759536743164,467200
2021-05-07,30.23500227553707,31.1546632876584,30.197079098163314,30.538394927978516,238400
2021-05-10,30.74697629332024,30.927114536188288,29.34378448292724,29.666139602661133,356700
2021-05-11,28.746480028579867,30.310849473126456,28.642188129489163,30.064342498779297,249700
2021-05-12,29.76094964845239,30.30136801567577,27.381211136766073,27.9500732421875,858900
2021-05-13,28.111249320080216,29.841537755708554,28.05436365505903,29.64717674255371,373800
2021-05-14,29.874718893325795,31.26842933257849,29.52392006812424,30.87970733642578,247800
2021-05-17,30.472025566394553,31.40590746905614,30.358254235038824,31.03140640258789,255900
2021-05-18,31.296877333185076,31.761449378135055,30.728016999968496,30.78490447998047,192700
2021-05-19,30.06433971447372,31.42012704364011,29.87472023448034,31.372722625732422,237700
2021-05-20,31.211547030008564,32.226020502586344,30.973573713020123,32.00795364379883,262600
2021-05-21,32.21653587138902,33.34477701208182,31.79463037332561,32.965538024902344,412800
2021-05-24,32.89916798563309,33.14757190375466,32.140686466619904,32.79487609863281,246300
2021-05-25,33.08879028417865,33.4585498099903,32.36348857963432,32.43459701538086,203800
2021-05-26,32.74747793276803,34.19807434082031,32.74747793276803,34.19807434082031,242500
2021-05-27,34.60576002376874,34.899673260238536,34.179112943966125,34.25496292114258,194400
2021-05-28,34.558345100245965,34.63419143766019,33.553354908252025,34.10325622558594,131100
2021-06-01,34.17911212909667,34.60575919872753,33.961048875002206,34.207557678222656,277900
2021-06-02,34.34028394596443,34.463534703670554,33.989483312331345,34.2170295715332,289100
2021-06-03,34.008451757201314,34.21703556326764,33.52492084472342,34.12222671508789,411000
2021-06-04,34.046376123865414,34.35451029993329,33.6955790519104,34.302364349365234,132700
2021-06-07,34.69108194438806,34.70056138112401,34.12222170537627,34.48249816894531,166800
2021-06-08,34.397171637130604,35.307353158794115,34.11274149392816,34.85226058959961,173000
2021-06-09,34.85225985350227,35.54437813020184,34.3213245618648,35.222023010253906,248400
2021-06-10,35.22202523214956,35.259946600569116,33.94208410894136,34.08430099487305,232300
2021-06-11,34.141191180483005,34.69109271678014,34.131711740803475,34.653167724609375,161600
2021-06-14,34.605752546863776,34.9849951173551,34.30520268316402,34.48249816894531,207700
2021-06-15,34.3402923371031,34.39717620325946,33.79987390826177,34.25496292114258,187600
2021-06-16,34.07432029329399,34.568702605656206,33.874666944098806,34.50215148925781,120000
2021-06-17,34.4260925629291,34.4260925629291,32.957209621242555,33.10457229614258,408700
2021-06-18,33.00949898197167,33.713040395334176,32.28693881894849,32.95245361328125,539700
2021-06-21,33.36126852320368,33.694024095363574,32.87639559994729,33.25668716430664,233000
2021-06-22,33.03801367756669,33.03801367756669,31.554867009716,31.783044815063477,273900
2021-06-23,31.345712654827402,31.91615181366264,30.879851227926437,31.668962478637695,312400
2021-06-24,31.79255254791692,32.020730367522134,31.23161918593264,31.526348114013672,289300
2021-06-25,31.71649317314158,33.0285073714334,30.917876308106965,31.355213165283203,1823700
2021-06-28,31.174582008491473,32.67674048238355,30.993940150423462,32.31546401977539,427700
2021-06-29,32.43905489343166,32.59782735524356,31.050983617693426,31.184085845947266,250700
2021-06-30,30.955910094660467,31.364726133550967,30.30940866753389,30.413990020751953,301100
2021-07-01,30.670687388155574,31.250635900247985,30.37596207180694,30.585121154785156,325000
2021-07-02,30.718225196043303,31.374230528736618,30.26187137381887,30.746746063232422,173200
2021-07-06,30.737241020587973,30.860833865747804,29.368181335932363,29.596357345581055,275200
2021-07-07,29.225573921651108,29.919609567170024,28.92609209139716,29.216066360473633,591900
2021-07-08,28.5315374376634,29.37769041039192,27.542772864845592,28.36040496826172,544200
2021-07-09,28.712176533359482,29.406212135891067,28.417447595258317,29.282615661621094,315500
2021-07-12,29.197052177408786,29.738972301667662,28.807251223501446,29.425230026245117,316800
2021-07-13,29.054441287530082,29.216066199895103,27.775704236988666,27.951589584350586,289700
2021-07-14,27.92306931492412,28.42600715960695,27.21952428358091,27.314598083496094,249100
2021-07-15,27.181491889413827,27.561785220257516,26.525484760344934,26.601543426513672,375000
2021-07-16,26.915288735883387,27.751935973008965,26.63006915840712,26.78218650817871,255900
2021-07-19,25.945540143789653,26.76317041582361,25.71736231402292,26.02159881591797,280700
2021-07-20,26.126179114857266,27.65686197591132,25.73637818221572,27.13395881652832,358400
2021-07-21,27.381149852123684,28.18927445059365,27.138713379273668,27.552282333374023,224600
2021-07-22,27.105436531164617,27.28607656537861,26.221253295684704,26.4304141998291,188100
2021-07-23,26.487457726094725,26.62055994554027,25.38460610199288,25.945539474487305,361100
2021-07-26,26.287803745733424,26.829722021299155,25.66982679663885,26.354354858398438,503500
2021-07-27,29.0924704501251,29.235080234936234,26.93905598996432,28.6456241607666,653100
2021-07-28,29.054438558589965,29.054438558589965,27.133956726223392,27.229028701782227,408000
2021-07-29,27.561788955636132,28.136982809828112,27.076914213078478,27.114944458007812,583600
2021-07-30,27.09592800568439,27.780456060378967,27.09592800568439,27.44770050048828,234000
2021-08-02,27.609324732248258,28.322375451820186,27.33361091692387,27.371641159057617,253900
2021-08-03,27.52376050133074,28.094199667743947,27.210018234450725,27.761444091796875,278900
2021-08-04,27.229028135089234,27.8945428304405,26.11666899841345,26.249773025512695,168500
2021-08-05,26.687110416988677,27.048390451674063,26.363860623167728,26.582529067993164,226600
2021-08-06,26.791693493557652,27.076913064905604,26.24026765913829,26.287803649902344,135700
2021-08-09,26.107166139938403,26.24977775275449,25.574755375806166,25.650814056396484,240900
2021-08-10,25.5557381552364,26.715635205786334,25.51770972475281,26.487459182739258,218400
2021-08-11,26.487458807052025,27.295581530530153,26.42090769461329,27.257553100585938,276000
2021-08-12,27.41917838725903,28.20828781337204,26.886767667002285,28.00863265991211,292500
2021-08-13,27.89454469480547,28.759712768557655,27.75193491152204,27.799470901489258,321400
2021-08-16,27.43819391628033,27.761443740291952,26.401893329898694,26.4304141998291,212400
2021-08-17,26.249775978996972,26.829722699291587,25.96455458601985,26.4304141998291,381100
2021-08-18,26.211745073744954,27.59031057159078,26.211745073744954,26.839229583740234,247300
2021-08-19,26.47795143210588,27.314596843952096,26.33534164539573,26.905780792236328,349100
2021-08-20,26.820213503752004,27.571294464767178,26.568269496683705,26.725141525268555,402800
2021-08-23,26.93430377568769,27.124451369012352,25.42263603024035,25.584260940551758,255100
2021-08-24,25.64130163276983,26.725139892401398,25.346574528038676,26.601543426513672,252900
2021-08-25,26.658592820553565,27.12445244801064,26.107165140652878,26.183225631713867,158900
2021-08-26,26.12617815488414,26.515979073202946,25.54623146440447,25.63179588317871,218900
2021-08-27,25.62229117728582,26.43992147623301,25.55573825027382,26.23076057434082,341900
2021-08-30,26.183224203514055,26.772678470028815,26.14519396005797,26.515979766845703,251400
2021-08-31,26.449432149946045,26.63007220347363,25.070868283333784,25.213478088378906,309300
2021-09-01,25.394110885459995,26.126176691395294,25.289531351313283,25.574750900268555,270100
2021-09-02,25.89800398732575,25.89800398732575,25.013820734240948,25.24199676513672,182000
2021-09-03,25.441653528688434,25.546234896123856,25.013822310436257,25.527219772338867,184300
2021-09-07,25.289534960226188,25.641305666577924,25.051851364384554,25.1184024810791,187500
2021-09-08,25.042339324951172,25.308545557509117,24.76662553265384,25.042339324951172,186900
2021-09-09,24.85219422482632,25.75539254256056,24.85219422482632,25.375099182128906,165400
2021-09-10,25.736376329123775,25.821942558262798,24.852193170275047,24.937759399414062,180500
2021-09-13,25.013821866335732,25.365594396584523,24.65729646191608,25.26101303100586,196600
2021-09-14,25.346577661475624,25.64130480264203,24.42436599349978,24.58599090576172,219200
2021-09-15,24.52872542061952,25.09183636658576,24.395104670789667,24.96776008605957,227200
2021-09-16,25.044113348845578,25.397251421930793,24.815051552961112,25.196821212768555,188600
2021-09-17,25.282719698915137,25.96990508888257,24.986848439120717,25.702667236328125,990200
2021-09-20,25.130011088466375,25.473604683460813,24.748241438706604,25.42588233947754,244300
2021-09-21,25.549960140944687,25.716983803818625,25.00689203076972,25.464061737060547,222100
2021-09-22,25.712211325147656,26.413712498149838,25.559503462968863,26.246688842773438,166000
2021-09-23,26.45666227208824,27.406316017258437,26.389852808488385,26.533016204833984,175600
2021-09-24,26.1894255591656,26.59982864821956,26.08443821440628,26.265779495239258,133200
2021-09-27,26.494840398173707,27.97897168654017,26.270549922186603,27.53516387939453,168600
2021-09-28,27.53516223697979,27.807173222499475,26.819343470786663,26.828887939453125,141500
2021-09-29,27.02931794573722,27.678327290718027,26.647548278225383,27.191570281982422,158200
2021-09-30,27.22974887495194,27.22974887495194,26.17988089637203,26.284868240356445,141100
2021-10-01,26.342132927799057,27.258380143169475,26.32304398904016,26.819345474243164,160500
2021-10-04,26.714359701272155,27.019775457675713,26.218058186905623,26.342134475708008,146800
2021-10-05,26.40894051196201,26.94341801619134,26.130248579449944,26.647546768188477,182700
2021-10-06,26.28486824035645,26.609371100958302,25.84583174585732,26.284868240356445,138400
2021-10-07,26.4471174133284,26.943418879074983,26.399396888723324,26.91478729248047,147400
2021-10-08,26.981599457636328,27.01023104709865,26.590285291331547,26.676183700561523,92200
2021-10-11,26.714357571000118,26.924330431678406,26.361221313476566,26.361221313476562,69800
2021-10-12,26.48529752715193,26.695270401745184,25.98899601947171,26.036718368530273,129000
2021-10-13,25.998537530210076,26.094934297788875,25.254085353420997,25.61676788330078,125100
2021-10-14,26.017627704710854,26.55210523579646,25.674034095945142,26.361221313476562,131900
2021-10-15,26.962507827556248,26.962507827556248,26.19896851105062,26.22760009765625,105700
2021-10-18,26.227599253255917,27.267922676264842,26.16078979276528,26.991140365600586,147700
2021-10-19,27.03886222283476,27.52561922811138,26.972052759047617,27.21065902709961,134100
2021-10-20,27.17248123234498,28.011422417062835,27.17248123234498,27.878755569458008,133700
2021-10-21,27.9932883192067,28.57548821708879,27.87875650536608,28.136451721191406,140500
2021-10-22,28.289160293576472,29.052701490447742,27.897846135593266,28.91908073425293,232000
2021-10-25,29.129051422835627,30.24572874511327,28.480042131881618,29.62535285949707,312900
2021-10-26,28.585031530983706,28.68047258150077,22.90620164499379,23.135263442993164,1351200
2021-10-27,22.677141523876113,23.011190686651442,21.249321239052662,22.142663955688477,663000
2021-10-28,22.381269281693502,22.73440554860311,21.846789915980537,22.056764602661133,393600
2021-10-29,21.98040765453029,22.68668191195436,21.98040765453029,22.323999404907227,254700
2021-11-01,22.352635159788107,24.27102976443902,22.33354622153176,24.156497955322266,302600
2021-11-02,24.223304478397672,24.490544120283054,23.7556364704141,24.423734664916992,260600
2021-11-03,24.22330539054247,25.473603435323803,24.108775411436838,25.368616104125977,252100
2021-11-04,25.082290736124854,25.483149326214335,23.75563869107419,24.051511764526367,317500
2021-11-05,24.385560505060457,24.99639380514923,24.19467657787511,24.43328285217285,214600
2021-11-08,25.46406097059232,26.17033529871974,25.261722959191957,25.702667236328125,301100
2021-11-09,25.149100784293633,25.864919581832797,24.904767472912326,25.18727684020996,234200
2021-11-10,25.10137930759149,25.76947760325176,24.77687462917609,24.93912696838379,183600
2021-11-11,24.96775799969333,25.425881565458784,24.96775799969333,25.330440521240234,131500
2021-11-12,25.387708399038935,25.54041627166059,24.924811636167497,25.0727481842041,77400
2021-11-15,25.19682053387918,25.19682053387918,24.452370172418064,24.576444625854492,117100
2021-11-16,24.309206688190137,24.558313154357684,24.02765121033422,24.08014488220215,147000
2021-11-17,24.23285053863713,24.23285053863713,23.703144364256282,23.936979293823242,142900
2021-11-18,23.841537934603842,24.50963621521648,23.68883006825033,24.481002807617188,209400
2021-11-19,24.242395012067778,24.328293409034302,23.62201911652609,24.108776092529297,168900
2021-11-22,24.337839891322382,25.15864605450575,23.89880522198707,24.27103042602539,298900
2021-11-23,24.041967681336743,24.929583275089488,23.946524811608896,24.013334274291992,162800
2021-11-24,23.622018916275433,24.223305869522555,23.039819079642538,23.784271240234375,191200
2021-11-26,22.925292492334133,23.326151127319264,22.476711507695118,22.963468551635742,192400
2021-11-29,23.24979293875215,23.60292915953799,22.848934377035004,23.00164222717285,348900
2021-11-30,22.428988038175152,22.481481705702112,21.130969424494893,21.188236236572266,414400
2021-12-01,21.77997813277639,22.14266065094744,20.854186541356665,20.892362594604492,308500
2021-12-02,21.11188666457746,21.913602174482918,21.11188666457746,21.808616638183594,219400
2021-12-03,21.951776606238862,22.190382873697978,21.62727193686075,21.770435333251953,267100
2021-12-06,22.276281623583362,23.03027649391284,21.818158019806866,22.763038635253906,367700
2021-12-07,23.01118725378804,23.1925266924642,22.4289874232456,22.78212547302246,255200
2021-12-08,22.88711455644832,23.52657947686919,22.648508270028913,23.478858947753906,181600
2021-12-09,23.373870093260127,23.774728701435023,23.20207328683926,23.268882751464844,162400
2021-12-10,23.287970156687713,23.497944826452805,22.887111574906758,23.240249633789062,213600
2021-12-13,23.097084463273745,23.18584455620263,22.390808399981758,22.54351806640625,249500
2021-12-14,22.238103006178928,23.058909134273357,22.19038248169864,22.48625373840332,349500
2021-12-15,22.352067079678346,22.773804711799027,21.748217007385183,22.735464096069336,367000
2021-12-16,22.946332979209448,23.214709966686033,22.467086269365698,22.572519302368164,362900
2021-12-17,22.572520611602506,23.17637252481122,22.169953278857104,23.051767349243164,856000
2021-12-20,22.668368804160423,22.69712426463517,21.99742451337954,22.47667121887207,228200
2021-12-21,22.85048165887176,23.48308712496323,22.85048165887176,23.21470832824707,166000
2021-12-22,23.195539992678295,23.531011205401764,22.91757604135771,23.511842727661133,116100
2021-12-23,23.79939101457785,23.818561321313684,23.47350311279297,23.47350311279297,119500
2021-12-27,23.521427492863666,23.94316324710101,23.118860216050958,23.789804458618164,126200
2021-12-28,23.58852235055409,24.24988145759655,23.58852235055409,23.732295989990234,113600
2021-12-29,23.674788530089113,23.933580367622074,23.569353667424597,23.76105308532715,108600
2021-12-30,23.674787572970843,24.000675473321582,23.415993917719184,23.425579071044922,121900
2021-12-31,23.53100996852806,23.751464818676872,23.320142099017133,23.626859664916992,177800
2022-01-03,23.780221703708232,24.652450586723997,23.751468070581414,24.106109619140625,138200
2022-01-04,24.163618550322628,24.489506463553273,23.962335807070183,24.30739402770996,144400
2022-01-05,24.393659209558542,24.88248926378173,23.091065490087612,23.28180694580078,239600
2022-01-06,23.13802950656995,23.6460316538842,23.070935262773567,23.406408309936523,133100
2022-01-07,23.11886146326088,23.5166352710407,22.687538704770894,22.7546329498291,176400
2022-01-10,22.505422592163086,22.735460768327474,21.92074291331311,22.505422592163086,230800
2022-01-11,22.44791626416193,22.553351126763747,21.845024172952346,22.122028350830078,143600
2022-01-12,22.102858287520508,22.375070805641375,21.772178707773406,21.920745849609375,197600
2022-01-13,22.189120559019788,22.447914200792166,21.872817828469426,21.94949722290039,183200
2022-01-14,21.62361060429707,22.136404427331613,21.62361060429707,22.007007598876953,192400
2022-01-18,21.815309391406107,22.050139244037123,21.04851359600806,21.096439361572266,202000
2022-01-19,21.096437176662814,21.518174729044304,20.645945996101776,20.751379013061523,182900
2022-01-20,20.83764534477107,21.5948559737092,20.502172304459,20.5788516998291,148600
2022-01-21,20.444664728238315,21.31689360070125,20.128361970402096,20.43507957458496,259300
2022-01-24,19.93666134438169,21.729044748852164,19.81301597766139,21.59485626220703,303400
2022-01-25,21.297724223106442,21.556517898500804,20.70345929610592,21.31689453125,259300
2022-01-26,21.65236495223518,21.7769682835052,20.31814201708775,20.530927658081055,181800
2022-01-27,20.530927612563655,20.68428640217798,19.64048647215032,19.859981536865234,193300
2022-01-28,20.013341242466534,20.070852162339847,19.25613241261186,19.89832305908203,422600
2022-01-31,19.62994642306238,20.329646238651065,19.26571969779935,20.29130744934082,508200
2022-02-01,20.22421065326764,21.326477672976274,19.89832275830251,21.26896858215332,318000
2022-02-02,21.268968546022382,21.41274218692605,19.697038164690017,20.051681518554688,610200
2022-02-03,20.04209625728787,20.713042348793643,20.04209625728787,20.425493240356445,350500
2022-02-04,20.291304463555342,20.40632447092387,19.409490500999958,19.907907485961914,356700
2022-02-07,19.792889681750296,20.665118588431476,19.792889681750296,20.300891876220703,210900
2022-02-08,20.320061005928885,21.010175602394664,20.205040992427374,20.962251663208008,177500
2022-02-09,20.962250977820535,21.21145764726034,20.26254942257774,21.144363403320312,357900
2022-02-10,20.693874225222007,21.107942644972542,19.96541896646947,20.099607467651367,175300
2022-02-11,20.243380358994855,20.363192027760217,19.711416257167702,19.984586715698242,201800
2022-02-14,19.84081445391846,20.463834809041654,19.55326533204391,20.09002113342285,324600
2022-02-15,20.23379579753776,20.80889036187649,20.109190634598274,20.722627639770508,173100
2022-02-16,20.684286906327394,20.933495402570017,20.320060229161115,20.550098419189453,169600
2022-02-17,20.233795271375346,20.549138209790804,20.09960495876225,20.281719207763672,260000
2022-02-18,20.128361202823744,20.732211234508792,20.022926344838634,20.147531509399414,138800
2022-02-22,20.0708510293214,20.78972103352737,19.725792842284626,19.76413345336914,217300
2022-02-23,19.687453559713145,19.687453559713145,18.76729902702894,19.19862174987793,429700
2022-02-24,18.61394073091834,19.764133469881216,17.500170841243797,19.39031982421875,784300
2022-02-25,19.390321601702908,20.69387324826483,19.390321601702908,20.55968475341797,284500
2022-02-28,20.291305426561493,20.6334879080189,19.812058724779863,20.118776321411133,319800
2022-03-01,20.080436396594187,20.205039727587963,19.4669994099559,19.859981536865234,267300
2022-03-02,19.95583175279768,20.49258753031005,19.8791523560102,20.176284790039062,169500
2022-03-03,21.086853409685947,21.709873712972293,20.665115829601557,21.604440689086914,254600
2022-03-04,21.460668190049006,21.566103056677413,20.656493324812757,21.441499710083008,238000
2022-03-07,21.604440500079637,21.63319412989639,20.617191713663452,20.76096534729004,314100
2022-03-08,20.626776993396653,21.83447881402548,20.569266077046983,20.933494567871094,206700
2022-03-09,21.556515341932183,21.709874132530093,21.125194428943434,21.374401092529297,202500
2022-03-10,20.78013446942191,21.16353141332288,19.859979975878737,20.751379013061523,360600
2022-03-11,20.914324262421204,21.374400624132868,20.20503941440382,20.933494567871094,318200
2022-03-14,20.84723254493632,21.76738537973758,20.67470343136579,20.875988006591797,242400
2022-03-15,20.96224970021814,21.585269992208023,20.57885090990352,21.08685302734375,235900
2022-03-16,21.186088790279598,22.01464947605701,21.109013505855167,21.648540496826172,221400
2022-03-17,21.378778237987103,22.351854866824507,21.378778237987103,22.284412384033203,211100
2022-03-18,22.091723896989144,22.766132149937583,21.61963756863934,22.332584381103516,1721200
2022-03-21,22.303683140978798,22.36148914957742,21.09938057572487,21.214994430541992,243300
2022-03-22,21.68707976987665,22.178435413321935,21.484755993107512,21.754520416259766,343000
2022-03-23,21.38841121234111,21.446217212611113,20.29972082114163,20.386430740356445,232000
2022-03-24,20.463508040756384,20.699552141400023,20.26118610102166,20.617658615112305,318300
2022-03-25,20.742906701137894,21.34023970572381,20.550217568137413,21.089744567871094,238400
2022-03-28,20.993399982662478,21.20535654012507,20.675462390039186,21.1186466217041,204200
2022-03-29,21.292067777811514,21.667809555837103,20.876824526428017,21.243894577026367,228300
2022-03-30,21.118649931726743,21.30170443681972,19.981788012128096,19.991422653198242,320000
2022-03-31,20.06849632404746,20.18411016993602,19.114688986540862,19.345914840698242,345700
2022-04-01,19.76019456277866,19.80836592510345,19.249569669085403,19.413354873657227,332000
2022-04-04,19.413355938662026,20.270820568516704,19.2399360845876,20.184110641479492,248300
2022-04-05,20.164841311120565,20.69473367494536,20.049227462813814,20.097400665283203,348700
2022-04-06,19.86617376503681,19.981785769664164,18.90273181758365,19.413354873657227,277000
2022-04-07,19.538604341325012,20.30935720311268,19.365184488017842,20.068496704101562,319600
2022-04-08,19.914344394338215,20.71881750879246,19.702387835243478,20.27081871032715,291600
2022-04-11,20.261185428269254,21.099378918795722,20.261185428269254,20.482776641845703,297000
2022-04-12,20.829614991101362,21.41731330911275,20.376796115404183,20.444236755371094,215000
2022-04-13,20.328628092682585,20.925961148430517,20.155208225652565,20.742908477783203,177300
2022-04-14,20.7718085218566,21.027121895493835,20.54058266775438,20.598388671875,148100
2022-04-18,20.48277854360592,20.80071435188006,20.30454227593009,20.424972534179688,140600
2022-04-19,20.521313772535965,21.369143757784908,20.164841263208388,21.234262466430664,139700
2022-04-20,21.340238901716585,21.610003310229757,20.714001999488545,20.781442642211914,166500
2022-04-21,20.954862842147097,20.954862842147097,20.184110001391875,20.280452728271484,219100
2022-04-22,20.097401732335808,20.22264839016651,19.673486716196734,19.731292724609375,206000
2022-04-25,19.519334943279446,19.798732164893963,18.979807943264685,19.779464721679688,205400
2022-04-26,19.885440968497438,20.83924826450296,18.411375982679655,19.008708953857422,322700
2022-04-27,19.230300710720382,19.702388889973083,18.594429161776382,18.7967529296875,367600
2022-04-28,18.85455888502697,20.07813061667341,18.59442911449684,19.90471076965332,289400
2022-04-29,19.6253141502469,20.367163086159785,19.6253141502469,19.779464721679688,255400
2022-05-02,19.875807818776575,20.57912188128863,19.68312051972626,20.559852600097656,217900
2022-05-03,20.694735147842756,20.800714363198438,20.184112028663357,20.540584564208984,155700
2022-05-04,20.61765748935235,21.00303390419993,20.09739978871304,20.868152618408203,320000
2022-05-05,20.608023186139572,20.71400239106239,19.755376820690774,20.309356689453125,178200
2022-05-06,20.07813303159194,20.251552899470283,19.461530690353314,19.519336700439453,153000
2022-05-09,19.17249626352303,19.634948002539616,19.124324896482918,19.35555076599121,226500
2022-05-10,19.45189434116077,19.54823890792508,18.392107781992937,18.642602920532227,278900
2022-05-11,18.79675465252715,19.133959738206144,18.170517686334655,18.392108917236328,292800
2022-05-12,18.295762889263518,19.38445335035,18.286128248996764,19.259204864501953,267400
2022-05-13,19.413355433530523,19.64458128707338,19.00870973042559,19.259204864501953,179900
2022-05-16,18.97980632356992,19.43262335880886,18.469181450762054,19.162858963012695,204600
2022-05-17,19.567506463838626,20.155206670626686,19.259205318513672,20.097400665283203,232800
2022-05-18,19.644581792552366,19.904711573588934,18.555893141072332,18.902732849121094,338300
2022-05-19,18.478815597183445,18.999073258081584,18.343934321694956,18.353567123413086,223700
2022-05-20,18.421013756584202,18.729314934498586,16.629010862931874,17.5057430267334,316400
2022-05-23,17.640622309549016,17.6791608711785,17.03365466484273,17.332321166992188,442500
2022-05-24,17.29378427970524,17.34195564366753,16.63864343914753,17.014385223388672,348200
2022-05-25,16.869868522831997,18.23313790694878,16.744620042063026,17.842945098876953,341800
2022-05-26,18.19941954623736,18.65705488272803,17.91038766930633,17.958559036254883,370800
2022-05-27,17.96819315046868,18.189784372128308,17.69843056327254,18.141613006591797,212500
2022-05-31,18.266859361648233,18.90273276960261,17.83331156603088,18.844924926757812,374700
2022-06-01,18.844925506907384,19.307379075803755,17.245611891361147,17.293785095214844,272000
2022-06-02,17.264879569651676,17.881481820761486,16.995115165981304,17.842945098876953,256600
2022-06-03,17.76586911359464,17.814040473446646,17.327503123510873,17.794771194458008,177500
2022-06-06,18.016365130829875,18.23795633744981,17.52500951770328,18.218687057495117,195600
2022-06-07,17.736965696710715,18.652236260739247,17.467201296099656,18.57516098022461,381400
2022-06-08,18.469182917563543,18.734129095794216,18.093441131622576,18.38247299194336,173000
2022-06-09,18.33430078983341,18.396923192881715,18.025997825263214,18.04526710510254,173000
2022-06-10,17.64062226881077,17.92002132712002,17.303417205810547,17.303417205810547,231600
2022-06-13,16.860235017853853,17.129034689296333,16.359244736294592,16.513395309448242,248500
2022-06-14,16.53266565248588,16.677181594398046,15.838988028735525,16.031675338745117,347400
2022-06-15,16.10248858675145,16.534151378459196,15.850280717961517,15.995784759521484,334100
2022-06-16,15.180958690941578,15.307062615238708,14.385534933935746,15.142157554626465,543200
2022-06-17,15.277961876383374,15.539870238308419,14.986952893719566,15.210060119628906,664700
2022-06-21,15.40406626143208,15.40406626143208,14.695944351555019,14.71534538269043,348200
2022-06-22,14.521339662259711,14.977252791752528,14.094526229216635,14.860849380493164,453800
2022-06-23,14.822047693293175,15.27796173095703,14.822047693293175,15.277961730957031,325100
2022-06-24,15.307063673695962,15.88908075866813,15.287663566742951,15.695075988769531,706100
2022-06-27,15.879380483927003,16.05301470764082,15.430255703490394,15.598071098327637,264000
2022-06-28,15.714476794890938,15.918182077883476,14.85115030822893,14.880250930786133,166700
2022-06-29,14.62804252138215,14.62804252138215,14.021774177740344,14.346734046936035,448200
2022-06-30,14.0654252361622,14.298232052531757,13.745315632381047,14.113926887512207,236800
2022-07-01,14.026624380358506,14.395235642854674,13.910220969847938,14.30793285369873,218500
2022-07-05,14.14302727671453,14.909350395202638,13.83261819330427,14.909350395202637,413100
2022-07-06,14.744445909848661,14.977252731429727,13.997523792669723,14.162428855895996,375200
2022-07-07,14.162428167103512,14.657142407629735,14.162428167103512,14.647442817687988,212700
2022-07-08,14.637742390312702,14.88995023214907,14.550439604669958,14.870549201965332,179000
2022-07-11,14.744445309291462,14.967552531371643,14.677513050158204,14.725045204162598,167700
2022-07-12,14.249731109286884,15.035455309943828,14.074156029265312,14.434037208557129,185400
2022-07-13,14.434036892872742,14.511639167154954,14.162428932884998,14.38553524017334,214000
2022-07-14,13.91992127323807,14.065425302886279,13.444606197863674,13.677413940429688,549900
2022-07-15,13.939322414880195,14.249731527917186,13.91022179180601,14.230331420898438,1178500
2022-07-18,14.56014136085929,15.171259987357848,14.56014136085929,14.919052124023438,366600
2022-07-19,15.219759992498577,15.520469496024564,14.890920289275863,15.40406608581543,318200
2022-07-20,15.501069641868188,16.112189210770186,15.423467362504285,16.073387145996094,220300
2022-07-21,15.869680987493211,16.034586053384675,15.56897055251313,15.782378196716309,171200
2022-07-22,15.889080271585117,15.95698388166149,15.248861960287819,15.530170440673828,264400
2022-07-25,15.433166630918889,15.47196776746375,14.94815196156208,15.035454750061035,533400
2022-07-26,12.678282363883689,13.60951050750685,11.921659786281124,12.73648452758789,1317900
2022-07-27,12.746186038622065,13.06629565128474,12.25147084629172,12.445476531982422,847000
2022-07-28,12.261170678575178,12.629781923392075,11.620950563835077,12.45517635345459,1011500
2022-07-29,12.668583813986958,12.872290016033425,12.38727533736013,12.629782676696777,572800
2022-08-01,12.610381645505646,12.784987225857497,12.358173790573431,12.629782676696777,356400
2022-08-02,12.581280939346792,12.649182697875728,12.198118901723042,12.590980529785156,472100
2022-08-03,12.668583520917627,12.90139033927306,12.513378050255277,12.765585899353027,385400
2022-08-04,12.833487451727079,13.376704277636204,12.833487451727079,12.940191268920898,263800
2022-08-05,12.833487882609596,13.085695736145677,12.755885608458813,12.920790672302246,217900
2022-08-08,13.231200644479657,14.647443530069255,12.978992791887462,14.162428855895996,401200
2022-08-09,13.881119635907533,13.949021390613284,13.337902822985452,13.512508392333984,321000
2022-08-10,13.910220348142374,14.220629428963749,13.803516532791,13.881119728088379,262700
2022-08-11,14.230330295696984,14.637742686889736,13.997523479327427,14.113926887512207,209700
2022-08-12,14.29823237260558,14.324423579452187,13.871419866373625,14.162428855895996,179300
2022-08-15,14.249731046164456,14.269132077619425,13.959692471594188,14.065425872802734,297800
2022-08-16,14.123628265520347,14.773547102978288,13.997524334344295,14.550440788269043,387100
2022-08-17,14.288531857100017,14.424336298901677,14.065425551024514,14.162428855895996,197900
2022-08-18,14.084826587894057,14.143027830767494,13.84231925070656,14.016923904418945,198900
2022-08-19,13.929620983484705,14.016923772062569,13.590111269683312,13.609511375427246,195800
2022-08-22,13.337903282594072,13.48340731200373,13.172998222547363,13.347603797912598,294100
2022-08-23,13.551310019626175,13.725914670227718,13.454306716442606,13.531908988952637,183800
2022-08-24,13.376704627755917,13.541609690378884,13.105096670238355,13.172998428344727,148400
2022-08-25,13.153597719086601,13.725914229185342,13.075994523978062,13.405804634094238,150100
2022-08-26,13.415505074977055,13.54160899432996,12.29997175583584,12.416375160217285,232500
2022-08-29,12.28057143354764,12.678283319374977,12.222370190549146,12.590980529785156,305000
2022-08-30,12.736486066654685,12.736486066654685,12.135067952799094,12.31937313079834,213500
2022-08-31,12.29997284944205,12.338773987685723,11.460896731647924,11.543349266052246,369800
2022-09-01,11.543349146015284,11.640352453161805,11.048634869825902,11.611251831054688,337400
2022-09-02,11.892559661361213,11.892559661361213,11.397844487131703,11.51424789428711,388500
2022-09-06,11.446346376895207,11.543348755669431,10.932231086624824,11.194138526916504,447800
2022-09-07,11.26204067447941,11.572450702543245,10.98073219363825,11.465746879577637,366800
2022-09-08,11.320242158953867,11.514247836573789,11.126236481333947,11.475446701049805,190200
2022-09-09,11.47544709033623,11.911960111062077,11.47544709033623,11.892560005187988,256600
2022-09-12,12.05746502887348,12.455176911467442,11.89255996656495,12.183568954467773,207500
2022-09-13,11.882858911621513,12.008962831490582,11.620950556872213,11.834357261657715,361500
2022-09-14,11.817712836600553,11.817712836600553,11.367327708755244,11.651266098022461,427400
2022-09-15,11.563148857687883,12.189771037907455,11.553357652686778,11.9254150390625,670200
2022-09-16,11.896040960357462,11.974368729831731,11.58762548477011,11.954787254333496,940100
2022-09-19,11.817713315625552,12.101651716402067,11.612102685150097,11.905832290649414,507200
2022-09-20,11.710012649712924,11.710012649712924,11.210672422914055,11.269418716430664,441600
2022-09-21,11.367327789350938,11.73938515270809,11.24983613782878,11.259627342224121,268900
2022-09-22,11.200881041351755,11.200881041351755,10.730914435608902,10.750495910644531,400700
2022-09-23,10.584050963177868,10.68196021377832,10.36864911787172,10.574259757995605,208900
2022-09-26,10.51551286348358,10.809242466085943,10.349066119800266,10.368648529052734,272700
2022-09-27,10.47634957996915,10.61342365138127,10.133665802049933,10.290321350097656,447300
2022-09-28,10.39802131932323,10.652587039857597,10.319693548965066,10.544886589050293,226200
2022-09-29,10.319694031921426,10.329485237109589,9.888891274790183,10.290321350097656,323400
2022-09-30,9.918263356372284,10.12387398417679,9.507042100763275,9.516833305358887,853800
2022-10-03,9.839936497891665,10.02596473372407,9.546206869019828,9.683280944824219,515600
2022-10-04,9.92805429271442,10.358857012133807,9.92805429271442,10.123873710632324,567800
2022-10-05,9.928054053136623,10.02106769081518,9.742024910298278,9.996590614318848,335200
2022-10-06,9.967218540525913,10.167933567943988,9.693070411682129,9.693070411682129,348000
2022-10-07,9.546206173143888,9.653906624591686,9.242685360895464,9.301431655883789,491800
2022-10-10,9.272058855706057,9.272058855706057,8.821673712405111,8.841255187988281,413500
2022-10-11,8.743345875053926,9.027284271871656,8.606271812067872,8.723763465881348,719700
2022-10-12,8.772718979677663,8.948956935798243,8.61606343367746,8.919583320617676,421700
2022-10-13,8.655227074699717,9.164357584760515,8.576899303921131,9.01749324798584,316700
2022-10-14,9.046865878193175,9.154567262719244,8.655227026482047,8.674808502197266,271100
2022-10-17,8.919582831501538,9.037074484558893,8.792299973920906,8.890210151672363,302100
2022-10-18,9.06644864111119,9.272059279710584,8.655227363912404,8.694391250610352,300900
2022-10-19,8.645436120629796,8.694391212221252,8.175469482329532,8.351706504821777,414200
2022-10-20,8.273377955505467,8.53773486505108,8.224422868507322,8.361496925354004,233900
2022-10-21,8.439825585630663,8.56710845182089,8.175469581805364,8.527944564819336,260400
2022-10-24,7.83278440156233,7.960067260136597,7.485204575068188,7.930694580078125,968900
2022-10-25,9.086029507093357,10.280529371732518,9.076239236382222,10.074918746948242,2372000
2022-10-26,10.02596473372407,10.603632785965841,9.683280944824219,9.683280944824219,1517600
2022-10-27,9.869307786628877,11.005061319684804,9.820352699774958,10.280529022216797,1234100
2022-10-28,10.241365189369745,10.544885982350058,10.084709657666599,10.114082336425781,625800
2022-10-31,10.00638241832919,10.349066178525945,9.967218533342685,10.202201843261719,472400
2022-11-01,10.407812709472848,10.593840933952489,9.937845145210519,10.045546531677246,1009600
2022-11-02,9.977008585513948,10.172828939893314,9.55599706457587,9.565788269042969,422800
2022-11-03,9.536414557043162,9.859516831191602,9.36996781778601,9.67348861694336,350700
2022-11-04,9.790980323174788,9.94763585894708,9.301431307016047,9.507041931152344,334900
2022-11-07,9.604952347211784,9.732234272892835,9.404236386543966,9.63432502746582,347800
2022-11-08,9.771398939775462,9.918264220279994,9.526624406008652,9.908473014831543,432300
2022-11-09,9.869308448636069,9.88889085818742,9.595161251101922,9.810563087463379,359500
2022-11-10,10.368648483079218,10.926734071930744,10.329484598488596,10.8190336227417,368200
2022-11-11,10.740705604499633,11.352641870626128,10.740705604499633,11.200881004333496,385900
2022-11-14,11.044226359279513,11.117658530381947,10.446976851574803,10.51551342010498,403500
2022-11-15,10.877778971212837,11.142135892224472,10.476348921149834,10.53509521484375,366500
2022-11-16,10.34906667823932,10.34906667823932,9.918263922586087,9.947636604309082,315600
2022-11-17,9.849727387778252,10.319694031921426,9.693070905989806,10.290321350097656,269200
2022-11-18,10.446976252260463,10.828824827324521,10.280529509315153,10.8190336227417,422000
2022-11-21,10.730914480583069,10.965897784439331,10.62321403308411,10.809242248535156,507700
2022-11-22,10.985480410377221,11.592521090871701,10.877779027009373,11.445655822753906,573000
2022-11-23,11.308583420301126,11.72959497500486,11.181300553242552,11.602313041687012,507200
2022-11-25,11.475029539578516,11.690430440765509,11.337955474853516,11.337955474853516,123600
2022-11-28,11.269419245723318,11.661058108426014,11.102972495639497,11.357538223266602,295300
2022-11-29,11.308583420301126,11.886251457820531,11.16171814273782,11.602313041687012,284400
2022-11-30,11.592520757644023,12.072278565475349,11.230254600685226,11.93520450592041,418300
2022-12-01,11.905832333731329,12.140815645484814,11.768759202078803,11.964578628540039,401800
2022-12-02,11.749176820478581,12.336636034998783,11.52398471294827,12.307262420654297,419200
2022-12-05,12.238724954319768,12.610782304979962,12.042905541798774,12.140814781188965,289700
2022-12-06,12.131025246865008,12.336635875921726,11.803027360839783,12.013533592224121,229600
2022-12-07,11.91562389918253,11.969474593242216,11.690430851629872,11.758968353271484,201100
2022-12-08,11.788341272778327,11.832400762673245,11.533775538661178,11.602313041687012,270100
2022-12-09,11.41628284911627,11.690430035317615,11.249836109773149,11.484819412231445,192100
2022-12-12,11.572938677840934,12.033115023807765,11.36732804953581,11.954787254333496,310300
2022-12-13,12.287681177382918,12.54224690407551,11.719804361678337,12.150607109069824,665700
2022-12-14,11.946071099487332,12.34130880192091,11.916428507385065,12.153571128845215,439900
2022-12-15,11.758332521664773,12.114047397312707,11.689166159098127,11.975713729858398,355800
2022-12-16,11.728690612254125,11.946071833102607,11.664464835034904,11.758333206176758,1165600
2022-12-19,11.629880790979204,11.85714223143428,11.323570868712578,11.402618408203125,403200
2022-12-20,11.244523365312876,11.560713524289925,11.15559464752033,11.224761009216309,395100
2022-12-21,11.392737266753118,11.481665984545662,11.106189699599915,11.224761009216309,354300
2022-12-22,11.056784937654,11.111130475512645,10.730713595144165,11.096308708190918,369200
2022-12-23,11.10619048572602,11.313690527822372,11.10619048572602,11.23464298248291,138800
2022-12-27,11.244523535571018,11.274166127843698,11.056784919095012,11.21488094329834,130000
2022-12-28,11.224761656673392,11.511309240354986,11.076547746684003,11.185237884521484,249000
2022-12-29,11.303809076167578,11.689166557134593,11.303809076167578,11.659523963928223,170600
2022-12-30,11.452023420744275,11.916428424618942,11.452023420744275,11.807737350463867,317300
2023-01-03,12.01523806096943,12.212856922040428,11.659524111041634,11.708929061889648,343000
2023-01-04,11.916428716521505,12.558690229828182,11.787976225395964,12.548809051513672,335000
2023-01-05,12.430237885429746,12.617976506337392,12.183214078577294,12.598214149475098,211200
2023-01-06,12.697023974046111,12.953928015489176,12.519166532621576,12.89464282989502,237400
2023-01-09,12.963809287349726,13.260238044421287,12.84523797298531,13.121904373168945,320200
2023-01-10,12.973690423145252,13.319523186657682,12.855119109170614,13.299761772155762,238700
2023-01-11,13.359048028001228,14.001309553750072,13.359048028001228,13.99142837524414,245500
2023-01-12,14.139642715454103,14.416309107385715,14.030951640454495,14.139642715454102,318100
2023-01-13,13.90249945355903,14.268094572135633,13.90249945355903,14.179166793823242,199700
2023-01-17,14.25821462271755,14.25821462271755,13.694999694824219,13.694999694824219,217600
2023-01-18,13.843214225381328,14.208809342831925,13.68511914132929,13.714761734008789,155200
2023-01-19,13.507261593570957,13.675237854625367,13.13277379551627,13.487499237060547,272800
2023-01-20,13.527023044152312,14.050714185234844,13.35904772496702,14.011190414428711,203600
2023-01-23,14.050713967786026,14.277975410823931,14.011190197591564,14.258213996887207,182800
2023-01-24,14.139642957089693,14.228570734989514,13.754285483573012,13.774046897888184,171500
2023-01-25,13.546785450498033,13.823451847157662,13.497380501228557,13.774046897888184,179800
2023-01-26,13.951904177669777,13.976607123180568,13.64559519190411,13.783927917480469,107400
2023-01-27,13.754285855842001,14.268094892116467,13.754285855842001,14.159404754638672,163300
2023-01-30,14.0210709573036,14.22857099415812,13.927202588534946,14.050714492797852,133400
2023-01-31,14.090237989864278,14.534880648080875,14.090237989864278,14.475594520568848,187200
2023-02-01,14.37678551445909,14.930118305148124,14.218690431405081,14.712738037109375,239300
2023-02-02,14.969642184603158,15.720594776883242,14.870833228137483,15.52297592163086,198500
2023-02-03,15.315475951595264,15.55261857888227,15.187023459567875,15.285833358764648,257600
2023-02-06,15.157380986968798,15.438987976896014,14.781904686292162,14.81154727935791,200500
2023-02-07,14.683094441682499,15.078333090006957,14.47065476365629,14.949880599975586,317500
2023-02-08,14.851071040001576,14.999285889863778,14.752262082414486,14.870833396911621,176800
2023-02-09,15.009166008659781,15.167262035741048,14.683094660761544,14.70285701751709,196600
2023-02-10,14.594166947169565,14.673214489900905,14.248333240979171,14.465714454650879,152900
2023-02-13,14.43607103333612,14.663333427223385,14.228570996448202,14.63369083404541,158900
2023-02-14,14.515118093549377,14.821428020596281,14.475594323187295,14.66333293914795,171900
2023-02-15,14.544761725028316,14.939999431284104,14.544761725028316,14.890594482421875,132500
2023-02-16,14.692975997924806,14.969642399245117,14.574404683073244,14.692975997924805,165600
2023-02-17,14.722618624815738,14.88071465396804,14.386667036459846,14.5744047164917,215500
2023-02-21,14.376786117437307,14.485476256015266,13.675238450220691,13.68511962890625,245700
2023-02-22,13.645594998506644,14.287856495548226,13.566546516313473,13.97166633605957,237500
2023-02-23,13.8036908521288,14.169285980114209,13.793809673510559,13.981547355651855,186800
2023-02-24,13.635713975213314,14.055654624501312,13.487499129529953,13.961785316467285,281800
2023-02-27,14.15940460676795,14.327380871683719,13.961785748726177,14.109999656677246,224400
2023-02-28,14.09023807318982,14.510178730447079,14.09023807318982,14.179166793823242,219900
2023-03-01,14.060594673588792,14.361964020345889,13.981547130557594,14.228570938110352,250700
2023-03-02,12.094285768977432,13.042857257269057,11.372976680732055,12.222738265991211,1099200
2023-03-03,12.212856199713118,12.776071098355539,12.212856199713118,12.627856254577637,854800
2023-03-06,12.637737621920452,12.697023748783826,11.817618677956716,11.857142448425293,575400
2023-03-07,11.84726183405013,12.163452955167593,11.629881557288135,12.11404800415039,274200
2023-03-08,12.133809122375977,12.133809122375977,11.728690230121886,12.015237808227539,259500
2023-03-09,11.91642886709207,12.005356646083223,11.353213946221858,11.372976303100586,285200
2023-03-10,11.333452458104121,11.333452458104121,10.809761312069355,11.027142524719238,260100
2023-03-13,10.720833392294328,10.750475984708125,10.177380838995905,10.33547592163086,331800
2023-03-14,10.701071353185744,10.735654535747711,10.276190099262056,10.375,296800
2023-03-15,10.25,10.34000015258789,9.960000038146973,10.199999809265137,323700
2023-03-16,10.0,10.34000015258789,9.779999732971191,10.050000190734863,327100
2023-03-17,9.880000114440918,9.9399995803833,9.390000343322754,9.460000038146973,657700
2023-03-20,9.520000457763672,9.699999809265137,9.260000228881836,9.380000114440918,436900
2023-03-21,9.649999618530273,9.760000228881836,9.220000267028809,9.289999961853027,661500
2023-03-22,9.329999923706055,9.59000015258789,8.989999771118164,9.0,523100
2023-03-23,9.100000381469727,9.3100004196167,8.970000267028809,9.140000343322754,439200
2023-03-24,9.020000457763672,9.25,8.920000076293945,9.210000038146973,440000
2023-03-27,9.359999656677246,9.399999618530273,9.194999694824219,9.260000228881836,263200
2023-03-28,9.220000267028809,9.430000305175781,9.175000190734863,9.220000267028809,278900
2023-03-29,9.0,9.1899995803833,8.960000038146973,9.029999732971191,723900
2023-03-30,9.180000305175781,9.380000114440918,9.0,9.119999885559082,623900
2023-03-31,9.210000038146973,9.704999923706055,9.194999694824219,9.65999984741211,496900
2023-04-03,9.630000114440918,9.789999961853027,9.420000076293945,9.680000305175781,378000
2023-04-04,9.739999771118164,9.75,9.350000381469727,9.619999885559082,333500
2023-04-05,9.510000228881836,9.680000305175781,9.420000076293945,9.539999961853027,232900
2023-04-06,9.529999732971191,10.005000114440918,9.3100004196167,9.890000343322754,439000
2023-04-10,9.899999618530273,10.484999656677246,9.899999618530273,10.210000038146973,854000
2023-04-11,10.210000038146973,10.774999618530273,10.210000038146973,10.739999771118164,228366
